video_id,window_id,movement_prediction,knee_prediction,elbow_prediction
1.0,0.0,5.108600504437431,1,1
1.0,1.0,5.3032412429521525,1,1
1.0,2.0,6.027128516059614,1,1
1.0,3.0,4.529783051985982,1,1
1.0,4.0,5.0038744055093165,1,1
1.0,5.0,5.342087681533621,1,1
1.0,6.0,4.790733617222132,1,1
1.0,7.0,4.52444760957143,1,1
1.0,8.0,4.023119042692975,1,1
1.0,9.0,4.017154705484609,1,1
1.0,10.0,4.139861918664872,1,1
1.0,11.0,4.3903951390359435,1,1
1.0,12.0,5.112989096354568,1,1
